inception,0.0607927
adaptation,0
altered-states,0
romance,0
romantico,0
11-flowers,0
shade,0
lucia-lucia,0
tron,0
cheech-and-chongs-next-movie,0
silver-city,0
the-innocents-2016,0
drowning-mona,0
freeze-frame,0
edward-scissorhands,0
fearless,0
tio-papi,0
grass,0
supercross,0
airplane-ii-the-sequel,0
the-adventures-of-felix,0
reno-911!-miami,0
fast-furious,0
or,0
americas-heart-and-soul,0
aftershock,0
tower-heist,0
a-man-of-no-importance,0
alien-nation,0
all-is-bright,0
rolling-family,0
tadpole,0
zus-zo,0
wordplay,0
malena,0
intimate-stories,0
detropia,0
on-the-ropes,0
gracie,0
my-fellow-americans,0
the-impossible,0
extreme-ops,0
all-the-right-moves,0
steamboy,0
star-trek-into-darkness,0
far-from-men,0
come-back-to-me,0
anatomy-2,0
warlords,0
lawnmower-man-2-beyond-cyberspace,0
